metodo,sharpe,rentabilidad %,volatilidad,capital_inicial,capital_final,beneficio
"Penalización β=10.0, γ=10.0",0.11950530359962695,0.09260222770498876,0.007748786489838617,9000.0,11299.198212436551,2299.1982124365513
