metodo,beta,gamma,rentabilidad %,volatilidad,sharpe
proyeccion,,,0.053130168998144336,0.007538445155288708,0.07047885528757193
