metodo,beta,gamma,rentabilidad %,volatilidad,sharpe
penalizacion,10.0,10.0,0.10021804126535061,0.00795412717234241,0.12599486165994475
